Rank,Header,Panjang_bp,GC_Content_%,A,T,G,C
1,"lcl|NC_001802.1_cds_NP_057854.1_6 [gene=rev] [locus_tag=HIV1gp6] [db_xref=GeneID:155908] [protein=Rev] [protein_id=NP_057854.1] [location=join(5516..5591,7925..8199)] [gbkey=CDS]",351,51.28,105,66,99,81
2,"lcl|NC_001802.1_cds_NP_057857.2_10 [gene=nef] [locus_tag=HIV1gp9] [db_xref=GeneID:156110] [protein=Nef] [transl_except=(pos:370..372,aa:Trp)] [protein_id=NP_057857.2] [location=8343..8963] [gbkey=CDS]",621,49.44,190,124,175,132
3,"lcl|NC_001802.1_cds_NP_057853.1_5 [gene=tat] [locus_tag=HIV1gp5] [db_xref=GeneID:155871] [protein=Tat] [protein_id=NP_057853.1] [location=join(5377..5591,7925..7970)] [gbkey=CDS]",261,48.66,82,52,59,68
4,"lcl|NC_001802.1_cds_NP_057852.2_4 [gene=vpr] [locus_tag=HIV1gp4] [db_xref=GeneID:155807] [protein=Vpr] [exception=artificial frameshift] [protein_id=NP_057852.2] [location=join(5105..5319,5321..5396)] [gbkey=CDS]",291,45.36,95,64,78,54
5,lcl|NC_001802.1_cds_NP_057850.1_2 [gene=gag] [locus_tag=HIV1gp2] [db_xref=GeneID:155030] [protein=Pr55(Gag)] [protein_id=NP_057850.1] [location=336..1838] [gbkey=CDS],1503,44.05,554,287,368,294
6,lcl|NC_001802.1_cds_YP_009028572.1_9 [gene=asp] [locus_tag=HIV1gp10] [db_xref=GeneID:19424028] [protein=Asp] [protein_id=YP_009028572.1] [location=complement(6919..7488)] [gbkey=CDS],570,42.81,128,198,99,145
7,lcl|NC_001802.1_cds_NP_057851.1_3 [gene=vif] [locus_tag=HIV1gp3] [db_xref=GeneID:155459] [protein=Vif] [protein_id=NP_057851.1] [location=4587..5165] [gbkey=CDS],579,41.97,209,127,139,104
8,"lcl|NC_001802.1_cds_NP_057856.1_8 [gene=env] [locus_tag=HIV1gp8] [db_xref=GeneID:155971] [protein=Envelope surface glycoprotein gp160, precursor] [protein_id=NP_057856.1] [location=5771..8341] [gbkey=CDS]",2571,41.07,891,624,616,440
9,"lcl|NC_001802.1_cds_NP_057849.4_1 [gene=gag-pol] [locus_tag=HIV1gp1] [db_xref=GeneID:155348] [protein=Gag-Pol] [exception=ribosomal slippage] [protein_id=NP_057849.4] [location=join(336..1637,1637..4642)] [gbkey=CDS]",4308,40.34,1666,904,1006,732
10,lcl|NC_001802.1_cds_NP_057855.1_7 [gene=vpu] [locus_tag=HIV1gp7] [db_xref=GeneID:155945] [protein=Vpu] [protein_id=NP_057855.1] [location=5608..5856] [gbkey=CDS],249,37.75,96,59,66,28
